department,avg_grade,avg_attendance,student_count
Arts,62.803871668101536,70.05872756933115,613
Business,63.56704812864413,69.49514563106796,618
Engineering,62.64938814558007,68.89557522123894,565
Health,62.915633070936344,69.10161290322581,620
IT,62.633178350407945,69.84931506849315,584
